{
  "pages": [
    {
      "id": "a8Wk7IJ",
      "grid": {
        "tiles": [
          {
            "tileType": "INSIGHT",
            "box": {
              "top": 0,
              "left": 0,
              "width": 5,
              "height": 3
            },
            "clickAction": "DO_NOTHING",
            "tileParams": {},
            "autoLoad": true,
            "showTitle": "YES",
            "insightId": "ghT6c0v",
            "insightType": "article",
            "displayMode": "INSIGHT",
            "resizeImageMode": "FIT_SIZE"
          }
        ]
      },
      "showTitle": false
    }
  ],
  "owner": "vn51wus",
  "listed": true,
  "name": "Project Connections\u0027s default dashboard",
  "showGrid": true,
  "versionTag": {
    "versionNumber": 1,
    "lastModifiedBy": {
      "login": "vn51wus"
    },
    "lastModifiedOn": 1657890739606
  },
  "creationTag": {
    "versionNumber": 0,
    "lastModifiedBy": {
      "login": "vn51wus"
    },
    "lastModifiedOn": 1657834087970
  },
  "tags": [],
  "customFields": {},
  "checklists": {
    "checklists": []
  }
}