{
    "id" : "multisheet-excel-export",
    "version" : "1.0.1",


    "meta" : {
        "label" : "Multisheet Excel Export",
        "description" : "Export multiple datasets to one xlsx file with multiple sheets",
        "author" : "Dataiku (Kasim PATEL, Thibault DESFONTAINES)",
        "icon" : "icon-file",
        "licenseInfo" : "Apache Software License",
        "url" : "https://www.dataiku.com/product/plugins/multisheet-excel-export",
        "tags" : ["Productivity"],
        "supportLevel": "NOT_SUPPORTED"
    }
}
