{
  "type": "distinct",
  "neverRecomputeExistingPartitions": false,
  "optionalDependencies": false,
  "customMeta": {
    "kv": {}
  },
  "redispatchPartitioning": false,
  "maxRunningActivities": 0,
  "variables": {},
  "dkuProperties": [],
  "inputs": {
    "main": {
      "items": [
        {
          "ref": "connection_list",
          "deps": []
        }
      ]
    }
  },
  "outputs": {
    "main": {
      "items": [
        {
          "ref": "connection_list_distinct",
          "appendMode": false
        }
      ]
    }
  },
  "labels": [],
  "versionTag": {
    "versionNumber": 1,
    "lastModifiedBy": {
      "login": "vn51wus"
    },
    "lastModifiedOn": 1657920522993
  },
  "creationTag": {
    "versionNumber": 0,
    "lastModifiedBy": {
      "login": "vn51wus"
    },
    "lastModifiedOn": 1657920517025
  },
  "tags": [],
  "customFields": {},
  "checklists": {
    "checklists": []
  }
}