{
  "type": "article",
  "params": {
    "articleId": "1"
  },
  "owner": "vn51wus",
  "listed": false,
  "name": "article Update Connections",
  "dashboardCreationId": "43SVTuK",
  "versionTag": {
    "versionNumber": 0,
    "lastModifiedBy": {
      "login": "vn51wus"
    },
    "lastModifiedOn": 1657890728837
  },
  "creationTag": {
    "versionNumber": 0,
    "lastModifiedBy": {
      "login": "vn51wus"
    },
    "lastModifiedOn": 1657890728837
  },
  "tags": [],
  "customFields": {},
  "checklists": {
    "checklists": []
  }
}