{
  "type": "custom_python",
  "name": "create_connection",
  "active": false,
  "creationTag": {
    "versionNumber": 8,
    "lastModifiedBy": {
      "login": "vn51wus"
    },
    "lastModifiedOn": 1657904747398
  },
  "versionTag": {
    "versionNumber": 9,
    "lastModifiedBy": {
      "login": "vn51wus"
    },
    "lastModifiedOn": 1657905023697
  },
  "checklists": {
    "checklists": []
  },
  "delayedTriggersBehavior": {
    "delayWhileRunning": true,
    "squashDelayedTriggers": true,
    "suppressTriggersWhileRunning": true
  },
  "tags": [],
  "triggers": [],
  "reporters": [],
  "params": {
    "envSelection": {
      "envMode": "INHERIT"
    }
  },
  "automationLocal": false,
  "customFields": {}
}