{
  "type": "step_based",
  "name": "getConnectionsforProject",
  "active": false,
  "creationTag": {
    "versionNumber": 3,
    "lastModifiedBy": {
      "login": "vn51wus"
    },
    "lastModifiedOn": 1658157062176
  },
  "versionTag": {
    "versionNumber": 4,
    "lastModifiedBy": {
      "login": "vn51wus"
    },
    "lastModifiedOn": 1658157415456
  },
  "checklists": {
    "checklists": []
  },
  "delayedTriggersBehavior": {
    "delayWhileRunning": true,
    "squashDelayedTriggers": true,
    "suppressTriggersWhileRunning": true
  },
  "tags": [],
  "triggers": [],
  "reporters": [],
  "params": {
    "steps": [
      {
        "id": "custom_python_CnlrQqM+h0ZAuSQwOiMTyg",
        "type": "custom_python",
        "name": "Update Project Variable",
        "runConditionType": "RUN_IF_STATUS_MATCH",
        "runConditionStatuses": [
          "SUCCESS",
          "WARNING"
        ],
        "runConditionExpression": "",
        "resetScenarioStatus": false,
        "delayBetweenRetries": 10,
        "maxRetriesOnFail": 0,
        "params": {
          "script": "from dataiku.scenario import Scenario\nimport dataiku\n\n\nclient \u003d dataiku.api_client()\n\nproject \u003d dataiku.api_client().get_project(dataiku.default_project_key())\n\ncopy_connection\u003d dataiku.get_custom_variables()[\"project_key\"]\n\nscenario \u003d Scenario()\n\n# Build dataset \nscenario.build_dataset(\"connection_list_status\",build_mode\u003d\u0027RECURSIVE_FORCED_BUILD\u0027,fail_fatal\u003dFalse)\n",
          "envSelection": {
            "envMode": "INHERIT"
          },
          "proceedOnFailure": false
        }
      }
    ]
  },
  "automationLocal": false,
  "customFields": {}
}